{"0.21023913675368244":{"user_id":6},"0.19449326264709255":{"user_id":6}}